{"cameraMode":{"drawMode":0,"name":"Shaded","section":"Shading Mode"},"sceneLighting":false,"audioPlay":false,"sceneViewState":{"showFog":true,"showMaterialUpdate":false,"showSkybox":false,"showFlares":true,"showImageEffects":true,"showParticleSystems":true},"in2DMode":false,"pivot":{"x":43.221435546875,"y":-3.2440810203552248,"z":17.997770309448243},"rotation":{"x":-0.1793300211429596,"y":0.007966774515807629,"z":-0.001443548477254808,"w":-0.9837666749954224},"size":19.01017189025879,"orthographic":false}